{
	"class_name" : "PinholeCameraParameters",
	"extrinsic" : 
	[
		0.98247738895247227,
		-0.092311351218110571,
		0.16191601104714556,
		0.0,
		-0.090721524450744481,
		-0.99572773821352301,
		-0.017201056755759163,
		0.0,
		0.1628121162520336,
		0.0022103819734409155,
		-0.98665461485418793,
		0.0,
		-5.3519823870137779,
		1.8323417475982671,
		7.5000623200604215,
		1.0
	],
	"intrinsic" : 
	{
		"height" : 1055,
		"intrinsic_matrix" : 
		[
			913.65680099258282,
			0.0,
			0.0,
			0.0,
			913.65680099258282,
			0.0,
			959.5,
			527.0,
			1.0
		],
		"width" : 1920
	},
	"version_major" : 1,
	"version_minor" : 0
}