{
	"class_name" : "PinholeCameraParameters",
	"extrinsic" : 
	[
		-0.99502179789525269,
		-0.046303582108341318,
		-0.088247379548828372,
		0.0,
		0.090340850526712521,
		-0.79293480178799081,
		-0.6025719300129655,
		0.0,
		-0.04207317957332276,
		-0.60754454848790806,
		0.7931705170789034,
		0.0,
		4.5898801049790077,
		2.7853160789480853,
		1.7593023417098883,
		1.0
	],
	"intrinsic" : 
	{
		"height" : 1055,
		"intrinsic_matrix" : 
		[
			913.65680099258282,
			0.0,
			0.0,
			0.0,
			913.65680099258282,
			0.0,
			959.5,
			527.0,
			1.0
		],
		"width" : 1920
	},
	"version_major" : 1,
	"version_minor" : 0
}