{
	"class_name" : "PinholeCameraParameters",
	"extrinsic" : 
	[
		0.69248526524311382,
		0.082684981668123173,
		-0.71667799689101419,
		0.0,
		-0.00070262013370684523,
		-0.99333252955981033,
		-0.1152822277857968,
		0.0,
		-0.72143167642273798,
		0.080334796476064882,
		-0.68781004407396318,
		0.0,
		0.64777176167549388,
		0.36888723146612878,
		13.787784679558207,
		1.0
	],
	"intrinsic" : 
	{
		"height" : 1055,
		"intrinsic_matrix" : 
		[
			913.65680099258282,
			0.0,
			0.0,
			0.0,
			913.65680099258282,
			0.0,
			959.5,
			527.0,
			1.0
		],
		"width" : 1920
	},
	"version_major" : 1,
	"version_minor" : 0
}