{
	"class_name" : "PinholeCameraParameters",
	"extrinsic" : 
	[
		0.96449833131981677,
		0.020723901467099366,
		-0.26327455021188634,
		0.0,
		0.018063717008026756,
		-0.99975843370420292,
		-0.012521036904855645,
		0.0,
		-0.26347043668909614,
		0.0073208022306840651,
		-0.96463969172202135,
		0.0,
		-2.9868696668669537,
		1.3148686475599125,
		11.772583090976546,
		1.0
	],
	"intrinsic" : 
	{
		"height" : 1055,
		"intrinsic_matrix" : 
		[
			913.65680099258282,
			0.0,
			0.0,
			0.0,
			913.65680099258282,
			0.0,
			959.5,
			527.0,
			1.0
		],
		"width" : 1920
	},
	"version_major" : 1,
	"version_minor" : 0
}